ChEMBL_ID,SMILES,Eficacia (pActivity)
CHEMBL322923,COC(=O)C1=C(c2ccc(Cl)c(Cl)c2)CC2CCC1C2,5.29
CHEMBL435341,C/C=C\c1ccc([C@H]2CC3CCC([C@H]2C(=O)OC)N3C)cc1,8.94
CHEMBL311347,COC(=O)[C@@H]1C2CC[C@H](C[C@@H]1c1ccc(I)cc1)N2C,9.17
CHEMBL311347,COC(=O)[C@@H]1C2CC[C@H](C[C@@H]1c1ccc(I)cc1)N2C,8.38
CHEMBL100941,COC(=O)C1C2CCC(C2)CC1c1ccc(Cl)c(Cl)c1,7.48
CHEMBL174088,COC(=O)[C@@H]1C2CCC(C[C@@H]1c1ccc(/C=C\I)cc1)N2,10.3
CHEMBL87031,COC(=O)C1C(c2ccc(Cl)c(Cl)c2)CC2CCC1N2C,7.56
CHEMBL316342,COC(=O)C1C2CCC(CC1c1ccc(Cl)c(Cl)c1)O2,8.19
CHEMBL100941,COC(=O)C1C2CCC(C2)CC1c1ccc(Cl)c(Cl)c1,6.75
CHEMBL106939,CN(C)Cc1ccccc1Sc1ccc(C#N)cc1N,8.96
CHEMBL295467,CNCCC(Oc1ccccc1OC)c1ccccc1,8.85
CHEMBL169429,COC(=O)C1=C(c2ccc(Cl)c(Cl)c2)CC2CCC1O2,5.71
CHEMBL87031,COC(=O)C1C(c2ccc(Cl)c(Cl)c2)CC2CCC1N2C,8.6
CHEMBL14370,CCOc1ccccc1OC(c1ccccc1)C1CNCCO1,8.05
CHEMBL367408,C=Cc1ccc([C@H]2CC3CCC(N3)[C@H]2C(=O)CC)cc1,9.49
CHEMBL88915,COC(=O)C1=C(c2ccc(Cl)c(Cl)c2)CC2CCC1N2C,6.06
CHEMBL316342,COC(=O)C1C2CCC(CC1c1ccc(Cl)c(Cl)c1)O2,8.33
CHEMBL104673,CN(C)Cc1ccccc1Sc1ccc(C(F)(F)F)cc1N,9.48
CHEMBL107077,COc1ccc(Sc2ccccc2CN(C)C)c(N)c1,8.72
CHEMBL316342,COC(=O)C1C2CCC(CC1c1ccc(Cl)c(Cl)c1)O2,7.19
CHEMBL432394,CN(C)Cc1ccccc1Sc1ccc(Cl)cc1N,9.57
CHEMBL173344,C=C(C)c1ccc([C@H]2CC3CCC(N3)[C@H]2C(=O)CC)cc1,9.8
CHEMBL173427,COC(=O)[C@@H]1C2CCC(C[C@@H]1c1ccc(/C=C/I)cc1)N2,8.94
CHEMBL353333,COC(=O)[C@@H]1C2CCC(C[C@@H]1c1ccc(I)cc1)N2,9.44
CHEMBL169471,COC(=O)C1C2CCC(CC1c1ccc(Cl)c(Cl)c1)N2,8.91
CHEMBL316342,COC(=O)C1C2CCC(CC1c1ccc(Cl)c(Cl)c1)O2,7.52
CHEMBL173594,C/C=C/c1ccc([C@H]2CC3CCC([C@H]2C(=O)OC)N3C)cc1,8.89
CHEMBL370805,COC(=O)[C@H]1[C@@H](OC(=O)c2ccccc2)C[C@@H]2CC[C@H]1N2C,6.57
CHEMBL169429,COC(=O)C1=C(c2ccc(Cl)c(Cl)c2)CC2CCC1O2,5.67
CHEMBL41,CNCCC(Oc1ccc(C(F)(F)F)cc1)c1ccccc1,9.09
CHEMBL555280,CC(C)(C)[C@H](O)[C@@H](CN)c1ccccc1.Cl,5.96
CHEMBL540333,COc1ccc([C@H](CN)[C@@H](O)C2CCCCC2)cc1.Cl,7.12
CHEMBL623,CCc1nn(CCCN2CCN(c3cccc(Cl)c3)CC2)c(=O)n1CCOc1ccccc1,6.7
CHEMBL641,CNCC[C@@H](Oc1ccccc1C)c1ccccc1,8.05
CHEMBL544633,Cc1cc(C)c([C@H](O)[C@@H](CN(C)C)c2ccccc2)c(C)c1.Cl,8.07
CHEMBL637,COc1ccc(C(CN(C)C)C2(O)CCCCC2)cc1,8.05
CHEMBL539050,CN(C)C[C@@H](c1ccc2ccccc2c1)[C@@H](O)c1ccccc1.Cl,8.25
CHEMBL490,Fc1ccc([C@@H]2CCNC[C@H]2COc2ccc3c(c2)OCO3)cc1,9.89
CHEMBL809,CN[C@H]1CC[C@@H](c2ccc(Cl)c(Cl)c2)c2ccccc21,9.54
CHEMBL543925,CN(C)C[C@@H](c1ccc2ccccc2c1)[C@@H](O)C(C)(C)C.Cl,8.92
CHEMBL542501,CN(C)C[C@@H](c1ccccc1)[C@@H](O)C(C)(C)C.Cl,7.4
CHEMBL539054,Cc1cc(C)c([C@H](O)[C@@H](CN)c2ccccc2)c(C)c1.Cl,6.93
CHEMBL556025,CN(C)C[C@@H](c1ccccc1)[C@@H](O)c1ccccc1.Cl,7.32
CHEMBL539564,Cl.NC[C@@H](c1ccc2ccccc2c1)[C@@H](O)c1ccccc1,8.21
CHEMBL306700,CCOc1ccccc1OCC1CNCCO1,4.76
CHEMBL538053,COc1ccc([C@H](CN(C)C)[C@@H](O)C2CCCCC2)cc1.Cl,7.52
CHEMBL542746,Cl.NC[C@@H](c1ccccc1)[C@@H](O)c1ccccc1,5.52
CHEMBL545557,CC(C)(C)[C@H](O)[C@@H](CN)c1ccc2ccccc2c1.Cl,8.21
CHEMBL41,CNCCC(Oc1ccc(C(F)(F)F)cc1)c1ccccc1,8.5
CHEMBL490,Fc1ccc([C@@H]2CCNC[C@H]2COc2ccc3c(c2)OCO3)cc1,10.11
CHEMBL268258,COc1cccc2c1CCC[C@H]2CN(C)CCc1ccc2ccoc2c1,8.42
CHEMBL75342,COc1cccc2c1CCC[C@@H]2CN(C)CCc1ccc2ccoc2c1,7.04
CHEMBL342055,c1ccc(CC(c2ccccc2)c2ccncc2)cc1,6.04
CHEMBL347772,c1ccc(C(c2ccccc2)c2ccccn2)cc1,4.46
CHEMBL150045,c1ccc(C(c2ccccc2)c2ccncc2)cc1,5.94
CHEMBL149246,c1ccc(C(c2ccccc2)c2cccnc2)cc1,4.9
CHEMBL370805,COC(=O)[C@H]1[C@@H](OC(=O)c2ccccc2)C[C@@H]2CC[C@H]1N2C,6.81
CHEMBL2079586,COC(=O)[C@H]1[C@@H](c2ccc(F)cc2)C[C@H]2CC[C@H]1N2C,6.8
CHEMBL1201203,CN1[C@@H]2CC[C@H]1C[C@@H](OC(c1ccccc1)c1ccccc1)C2,4.62
CHEMBL607377,COC(=O)C1C2CC[C@H](C[C@H]1OC(c1ccc(F)cc1)c1ccc(F)cc1)N2C,5.39
CHEMBL359447,Cc1nnc(-c2ccc(-c3ccc(C(=O)Nc4ccc(O)c(N5CCN(C)CC5)c4)cc3)c(C)c2)o1,5.33
CHEMBL151420,Cc1nc(-c2ccc(-c3ccc(C(=O)Nc4ccc(OCCF)c(N5CCN(C)CC5)c4)cc3)c(C)c2)no1,6.05
CHEMBL443762,Cc1nnc(-c2ccc(-c3ccc(C(=O)Nc4ccc(OS(C)(=O)=O)c(N5CCN(C)CC5)c4)cc3)c(C)c2)o1,5.42
CHEMBL607430,COC(=O)C1C2CC[C@H](C[C@@H]1OC(c1ccc(F)cc1)c1ccc(F)cc1)N2C,5.26
CHEMBL607377,COC(=O)C1C2CC[C@H](C[C@H]1OC(c1ccc(F)cc1)c1ccc(F)cc1)N2C,5.31
CHEMBL147503,COc1ccc(NC(=O)c2ccc(-c3ccc(C(=N)N)cc3C)cc2)cc1N1CCN(C)CC1,6.39
CHEMBL310650,COC(=O)[C@@H]1C2CCC(C[C@@H]1OC(c1ccc(F)cc1)c1ccc(F)cc1)N2C,5.45
CHEMBL607377,COC(=O)C1C2CC[C@H](C[C@H]1OC(c1ccc(F)cc1)c1ccc(F)cc1)N2C,5.04
CHEMBL281350,Cc1nc(-c2ccc(-c3ccc(C(=O)N4CCc5cc6c(cc54)C4(CCN(C)CC4)CO6)cc3)c(C)c2)no1,5.33
CHEMBL607431,COC(=O)[C@@H]1[C@H]2CCC(C[C@H]1OC(c1ccc(F)cc1)c1ccc(F)cc1)N2C,5.74
CHEMBL607377,COC(=O)C1C2CC[C@H](C[C@H]1OC(c1ccc(F)cc1)c1ccc(F)cc1)N2C,5.7
CHEMBL15928,COc1ccc(NC(=O)c2ccc(-c3ccc(-c4noc(C)n4)cc3C)cc2)cc1N1CCN(C)CC1,6.0
CHEMBL607430,COC(=O)C1C2CC[C@H](C[C@@H]1OC(c1ccc(F)cc1)c1ccc(F)cc1)N2C,5.84
CHEMBL300226,COC(=O)C1C2CC[C@H](C[C@@H]1c1ccc(I)cc1)N2C,8.6
CHEMBL132683,COC(=O)C1C(c2ccc(O)c(O)c2)CC2CCC1N2C,5.0
CHEMBL544370,Cl.OC1(c2ccc3c(c2)OCO3)c2ccccc2C2=NCCCN21,7.59
CHEMBL544370,Cl.OC1(c2ccc3c(c2)OCO3)c2ccccc2C2=NCCCN21,7.08
CHEMBL417049,CN(CCOC(c1ccccc1)c1ccccc1)C1CCN(CCCc2ccccc2)CC1,5.85
CHEMBL417049,CN(CCOC(c1ccccc1)c1ccccc1)C1CCN(CCCc2ccccc2)CC1,5.72
CHEMBL26320,c1ccc(CCCN2CCN(CCOC(c3ccccc3)c3ccccc3)CC2)cc1,5.68
CHEMBL26320,c1ccc(CCCN2CCN(CCOC(c3ccccc3)c3ccccc3)CC2)cc1,5.43
CHEMBL370805,COC(=O)[C@H]1[C@@H](OC(=O)c2ccccc2)C[C@@H]2CC[C@H]1N2C,6.48
CHEMBL370805,COC(=O)[C@H]1[C@@H](OC(=O)c2ccccc2)C[C@@H]2CC[C@H]1N2C,6.47
CHEMBL336100,OC1(c2ccc(Cl)cc2)c2cccc(F)c2C2=NCCN21,7.42
CHEMBL336100,OC1(c2ccc(Cl)cc2)c2cccc(F)c2C2=NCCN21,6.89
CHEMBL781,OC1(c2ccc(Cl)cc2)c2ccccc2C2=NCCN21,7.3
CHEMBL781,OC1(c2ccc(Cl)cc2)c2ccccc2C2=NCCN21,7.03
CHEMBL133070,COC(=O)C1C(c2ccc(C(C)=O)c(C(C)=O)c2)CC2CCC1N2C,6.15
CHEMBL67024,Fc1ccc(CCNC2CCN(CCOC(c3ccccc3)c3ccccc3)CC2)cc1,6.66
CHEMBL67024,Fc1ccc(CCNC2CCN(CCOC(c3ccccc3)c3ccccc3)CC2)cc1,6.33
CHEMBL130668,Oc1ccc(C2(O)c3ccccc3C3=NCCCN32)cc1,7.11
CHEMBL130668,Oc1ccc(C2(O)c3ccccc3C3=NCCCN32)cc1,7.22
CHEMBL443797,CN(CCCc1ccccc1)C1CCN(CCOC(c2ccccc2)c2ccccc2)CC1,7.06
CHEMBL443797,CN(CCCc1ccccc1)C1CCN(CCOC(c2ccccc2)c2ccccc2)CC1,6.51
CHEMBL370805,COC(=O)[C@H]1[C@@H](OC(=O)c2ccccc2)C[C@@H]2CC[C@H]1N2C,6.41
CHEMBL370805,COC(=O)[C@H]1[C@@H](OC(=O)c2ccccc2)C[C@@H]2CC[C@H]1N2C,6.47
CHEMBL278080,Fc1ccc2[nH]cc(CC3CCNCC3)c2c1,6.77
CHEMBL421867,c1ccc(CCCNC2CCN(CCOC(c3ccccc3)c3ccccc3)CC2)cc1,7.26
CHEMBL421867,c1ccc(CCCNC2CCN(CCOC(c3ccccc3)c3ccccc3)CC2)cc1,6.41
CHEMBL336940,COc1cccc2c1C1=NCCN1C2(O)c1ccc(Cl)cc1,6.06
